As of Date,Facility PFI,Facility Name,DOH Region,Facility County,Facility Network,NY Forward Region,Patients Currently Hospitalized,Patients Newly Admitted,Patients Positive After Admission,Patients Discharged,Patients Currently in ICU,Patients Currently ICU Intubated,Patients Expired,Cumulative COVID-19 Discharges to Date,Cumulative COVID-19 Fatalities to Date,Total Staffed Beds,Total Staffed Beds Currently Available,Total Staffed ICU Beds,Total Staffed ICU Beds Currently Available,Total Staffed Acute Care Beds,Total Staffed Acute Care Beds Occupied,Total Staffed ICU Beds 1,Total Staffed ICU Beds Currently Occupied,Total New Admissions Reported,Patients Age Less Than 1 Year,Patients Age 1 To 4 Years,Patients Age 5 to 19 Years,Patients Age 20 to 44 Years,Patients Age 45 to 54 Years,Patients Age 55 to 64 Years,Patients Age 65 to 74 Years,Patients Age 75 to 84 Years,Patients Age Greater Than 85 Years,Hospitalized Indicator
02/03/2022,000001,ALBANY MEDICAL CENTER HOSPITAL,CAPITAL DISTRICT REGIONAL OFFICE,ALBANY,ALBANY MEDICAL CENTER,CAPITAL REGION,76,10,0,10,14,6,0,2489,391,,,,,617,551,84,77,10,3,1,2,7,10,11,20,19,3,0
02/03/2022,000005,ST PETERS HOSPITAL,CAPITAL DISTRICT REGIONAL OFFICE,ALBANY,ST. PETERS HEALTH PARTNERS,CAPITAL REGION,70,13,0,6,6,2,1,2425,352,,,,,418,375,27,26,13,0,0,0,6,9,13,14,16,12,0
02/03/2022,000037,CUBA MEMORIAL HOSPITAL INC,WESTERN REGIONAL OFFICE,ALLEGANY,INDEPENDENT,WESTERN NEW YORK,1,0,0,0,0,0,0,67,2,,,,,20,5,0,0,,0,0,0,0,0,0,0,0,1,0
02/03/2022,000039,MEMORIAL HOSP OF WM F AND GERTRUDE F JONES AKA JONES MEMORIAL HOSP,WESTERN REGIONAL OFFICE,ALLEGANY,UNIVERSITY OF ROCHESTER MEDICAL CENTER,WESTERN NEW YORK,4,1,0,0,1,0,0,398,40,,,,,28,13,6,2,1,0,0,0,3,1,0,0,0,0,0
02/03/2022,000042,UNITED HEALTH SERVICES HOSPITALS INC - BINGHAMTON GENERAL HOSPITAL,CENTRAL REGIONAL OFFICE,BROOME,"UNITED HEALTH SERVICES HOSPITALS, INC.",SOUTHERN TIER,10,0,1,1,0,0,0,563,15,,,,,40,33,5,5,1,0,0,1,2,1,3,3,0,0,0
02/03/2022,000043,OUR LADY OF LOURDES MEMORIAL HOSPITAL INC,CENTRAL REGIONAL OFFICE,BROOME,ASCENSION HEALTH,SOUTHERN TIER,22,2,0,1,1,0,0,981,175,,,,,220,173,10,8,2,0,0,0,1,4,6,5,3,3,0
02/03/2022,000058,"UNITED HEALTH SERVICES HOSPITAL, INC. - WILSON MEDICAL CENTER",CENTRAL REGIONAL OFFICE,BROOME,"UNITED HEALTH SERVICES HOSPITALS, INC.",SOUTHERN TIER,58,0,4,6,6,3,0,1867,216,,,,,181,157,30,29,4,0,0,1,8,4,13,19,4,9,0
02/03/2022,000066,OLEAN GENERAL HOSPITAL,WESTERN REGIONAL OFFICE,CATTARAUGUS,KALEIDA HEALTH,WESTERN NEW YORK,37,4,0,4,3,1,0,914,200,,,,,130,87,10,10,4,0,0,0,2,5,9,6,13,2,0
02/03/2022,000085,AUBURN MEMORIAL HOSPITAL,CENTRAL REGIONAL OFFICE,CAYUGA,INDEPENDENT,CENTRAL NEW YORK,9,0,0,1,1,0,0,632,50,,,,,84,51,9,5,,0,0,0,0,0,2,2,3,2,0
02/03/2022,000098,"BROOKS-TLC HOSPITAL SYSTEM, INC. (DUNKIRK)",WESTERN REGIONAL OFFICE,CHAUTAUQUA,INDEPENDENT,WESTERN NEW YORK,5,1,0,0,1,1,0,378,71,,,,,35,25,7,7,1,0,0,0,2,1,1,1,0,0,0
02/03/2022,000103,UPMC CHAUTAUQUA AT WCA,WESTERN REGIONAL OFFICE,CHAUTAUQUA,UPMC,WESTERN NEW YORK,25,3,0,1,3,1,1,520,101,,,,,75,69,8,8,3,0,0,1,1,0,6,2,11,4,0
02/03/2022,000111,WESTFIELD MEMORIAL HOSPITAL INC,WESTERN REGIONAL OFFICE,CHAUTAUQUA,ALLEGHENY HEALTH NETWORK,WESTERN NEW YORK,0,0,0,1,0,0,0,107,2,,,,,6,4,0,0,,0,0,0,0,0,0,0,0,0,0
02/03/2022,000116,ARNOT OGDEN MEDICAL CENTER,WESTERN REGIONAL OFFICE,CHEMUNG,ARNOT HEALTH,SOUTHERN TIER,24,5,0,6,2,1,0,959,236,,,,,112,107,20,15,5,0,0,0,1,3,5,7,6,2,0
02/03/2022,000118,ST. JOSEPHS HOSPITAL,WESTERN REGIONAL OFFICE,CHEMUNG,ARNOT HEALTH,SOUTHERN TIER,0,0,0,0,0,0,0,2,0,,,,,0,0,0,0,,0,0,0,0,0,0,0,0,0,0
02/03/2022,000128,CHENANGO MEMORIAL HOSPITAL INC,CENTRAL REGIONAL OFFICE,CHENANGO,"UNITED HEALTH SERVICES HOSPITALS, INC.",SOUTHERN TIER,3,1,0,0,0,0,0,274,21,,,,,23,12,5,2,1,0,0,0,0,0,1,1,1,0,0
02/03/2022,000135,THE UNIVERSITY OF VERMONT HEALTH NETWORK-CHAMPLAIN VALLEY PHYSICIANS HOSPITAL,CAPITAL DISTRICT REGIONAL OFFICE,CLINTON,UNIVERSITY OF VERMONT HEALTH NETWORK,NORTH COUNTRY,41,1,3,0,4,2,0,625,88,,,,,140,138,12,10,4,0,0,1,4,3,7,11,6,9,0
02/03/2022,000146,COLUMBIA MEMORIAL HOSPITAL,CAPITAL DISTRICT REGIONAL OFFICE,COLUMBIA,ALBANY MEDICAL CENTER,CAPITAL REGION,27,0,0,2,3,2,0,455,97,,,,,90,75,6,6,,0,0,0,6,1,2,7,7,4,0
02/03/2022,000158,GUTHRIE CORTLAND MEDICAL CENTER,CENTRAL REGIONAL OFFICE,CORTLAND,THE GUTHRIE CLINIC,CENTRAL NEW YORK,12,2,0,3,1,0,1,450,46,,,,,60,47,9,7,2,0,0,0,1,0,2,2,6,1,0
02/03/2022,000165,OCONNOR HOSPITAL,CAPITAL DISTRICT REGIONAL OFFICE,DELAWARE,BASSETT HEALTHCARE NETWORK,SOUTHERN TIER,1,0,0,1,0,0,0,280,0,,,,,16,7,0,0,,0,0,0,0,0,0,0,0,1,0
02/03/2022,000170,MARGARETVILLE HOSPITAL,CAPITAL DISTRICT REGIONAL OFFICE,DELAWARE,WESTCHESTER MEDICAL CENTER HEALTH NETWORK,SOUTHERN TIER,2,0,0,0,0,0,0,99,1,,,,,15,3,0,0,,0,0,0,0,0,0,0,2,0,0
02/03/2022,000174,DELAWARE VALLEY HOSPITAL INC,CAPITAL DISTRICT REGIONAL OFFICE,DELAWARE,"UNITED HEALTH SERVICES HOSPITALS, INC.",SOUTHERN TIER,5,0,0,0,0,0,0,94,1,,,,,19,15,0,0,,0,0,0,0,0,0,2,1,2,0
02/03/2022,000180,MID-HUDSON VALLEY DIVISION OF WESTCHESTER MEDICAL CENTER,METROPOLITAN AREA REGIONAL OFFICE,DUTCHESS,WESTCHESTER MEDICAL CENTER HEALTH NETWORK,MID-HUDSON,36,4,0,5,7,7,1,684,135,,,,,125,102,15,15,4,0,0,0,6,5,11,7,3,4,0
02/03/2022,000181,VASSAR BROTHERS MEDICAL CENTER,METROPOLITAN AREA REGIONAL OFFICE,DUTCHESS,NUVANCE HEALTH,MID-HUDSON,36,5,1,8,6,5,0,2425,362,,,,,344,256,30,18,6,0,0,1,3,2,6,9,12,3,0
02/03/2022,000192,NORTHERN DUTCHESS HOSPITAL,METROPOLITAN AREA REGIONAL OFFICE,DUTCHESS,NUVANCE HEALTH,MID-HUDSON,17,4,0,3,3,0,1,417,39,,,,,56,49,7,4,4,0,0,0,0,1,4,7,3,2,0
02/03/2022,000207,BUFFALO GENERAL MEDICAL CENTER,WESTERN REGIONAL OFFICE,ERIE,KALEIDA HEALTH,WESTERN NEW YORK,112,0,5,10,25,21,0,1838,457,,,,,547,454,134,112,5,0,0,0,9,6,25,43,19,10,0
02/03/2022,000208,JOHN R. OISHEI CHILDRENS HOSPITAL,WESTERN REGIONAL OFFICE,ERIE,KALEIDA HEALTH,WESTERN NEW YORK,7,2,0,2,0,0,0,530,0,,,,,0,0,0,0,2,1,0,4,2,0,0,0,0,0,0
02/03/2022,000210,ERIE COUNTY MEDICAL CENTER,WESTERN REGIONAL OFFICE,ERIE,INDEPENDENT,WESTERN NEW YORK,87,1,4,14,12,7,0,1957,213,,,,,349,349,42,34,5,0,0,0,16,10,18,23,12,8,0
02/03/2022,000213,MERCY HOSPITAL,WESTERN REGIONAL OFFICE,ERIE,"CATHOLIC HEALTH, BUFFALO",WESTERN NEW YORK,39,3,0,6,6,5,0,1755,273,,,,,225,220,20,20,3,0,0,0,6,4,6,9,11,3,0
02/03/2022,000218,SISTERS OF CHARITY HOSPITAL,WESTERN REGIONAL OFFICE,ERIE,"CATHOLIC HEALTH, BUFFALO",WESTERN NEW YORK,21,1,0,12,2,2,5,1299,147,,,,,132,132,16,10,1,0,0,1,1,3,1,7,5,3,0
02/03/2022,000245,UNIVERSITY HOSPITAL,METROPOLITAN AREA REGIONAL OFFICE,SUFFOLK,STONY BROOK MEDICINE,LONG ISLAND,119,7,0,8,15,11,3,4871,561,,,,,685,524,105,72,7,0,0,8,19,9,23,24,16,20,0
02/03/2022,000267,KENMORE MERCY HOSPITAL,WESTERN REGIONAL OFFICE,ERIE,"CATHOLIC HEALTH, BUFFALO",WESTERN NEW YORK,25,7,0,3,4,4,0,855,148,,,,,120,91,12,11,7,0,0,0,3,3,3,5,9,2,0
02/03/2022,000280,BERTRAND CHAFFEE HOSPITAL,WESTERN REGIONAL OFFICE,ERIE,INDEPENDENT,WESTERN NEW YORK,4,1,0,1,0,0,0,215,39,,,,,12,12,0,0,1,0,0,0,0,1,0,2,1,0,0
02/03/2022,000292,SISTERS OF CHARITY HOSPITAL - ST JOSEPH CAMPUS,WESTERN REGIONAL OFFICE,ERIE,"CATHOLIC HEALTH, BUFFALO",WESTERN NEW YORK,0,0,0,0,0,0,0,1687,284,,,,,21,16,0,0,,0,0,0,0,0,0,0,0,0,0
02/03/2022,000303,THE UNIVERSITY OF VERMONT HEALTH NETWORK - ELIZABETHTOWN COMMUNITY HOSPITAL,CAPITAL DISTRICT REGIONAL OFFICE,ESSEX,THE UNIVERSITY OF VERMONT HEALTH NETWORK,NORTH COUNTRY,2,0,0,2,0,0,0,147,17,,,,,21,21,0,0,,0,0,0,0,0,0,1,1,0,0
02/03/2022,000309,UNIVERSITY OF VERMONT HEALTH NETWORK - ELIZABETHTOWN COMMUNITY HOSP,CAPITAL DISTRICT REGIONAL OFFICE,ESSEX,THE UNIVERSITY OF VERMONT HEALTH NETWORK ELIZABETH,NORTH COUNTRY,0,0,0,0,0,0,0,0,1,,,,,0,0,0,0,,0,0,0,0,0,0,0,0,0,0
02/03/2022,000324,ADIRONDACK MEDICAL CENTER - SARANAC LAKE SITE,CAPITAL DISTRICT REGIONAL OFFICE,FRANKLIN,INDEPENDENT,NORTH COUNTRY,5,0,0,1,1,0,0,137,9,,,,,36,26,6,5,,0,0,0,0,0,1,2,1,1,0
02/03/2022,000325,THE UNIVERSITY OF VERMONT HEALTH NETWORK -ALICE HYDE MEDICAL CENTER,CAPITAL DISTRICT REGIONAL OFFICE,FRANKLIN,UNIVERSITY OF VERMONT HEALTH NETWORK,NORTH COUNTRY,6,2,0,2,0,0,0,249,11,,,,,22,19,4,2,2,0,0,0,1,0,3,0,2,0,0
02/03/2022,000330,NATHAN LITTAUER HOSPITAL,CAPITAL DISTRICT REGIONAL OFFICE,FULTON,INDEPENDENT,MOHAWK VALLEY,7,2,0,3,1,0,0,372,70,,,,,35,21,6,6,2,0,0,0,0,0,1,0,5,1,0
02/03/2022,000339,UNITED MEMORIAL MEDICAL CENTER NORTH STREET CAMPUS,WESTERN REGIONAL OFFICE,GENESEE,ROCHESTER REGIONAL HEALTH SYSTEM,FINGER LAKES,7,1,0,1,1,0,2,680,89,,,,,81,56,9,5,1,0,0,0,0,1,2,0,3,1,0
02/03/2022,000340,UNITED MEMORIAL MEDICAL CENTER BANK STREET CAMPUS,WESTERN REGIONAL OFFICE,GENESEE,ROCHESTER REGIONAL HEALTH SYSTEM,FINGER LAKES,0,0,0,0,0,0,0,0,0,,,,,0,0,0,0,,0,0,0,0,0,0,0,0,0,0
02/03/2022,000362,LITTLE FALLS HOSPITAL,CENTRAL REGIONAL OFFICE,HERKIMER,BASSETT HEALTHCARE NETWORK,MOHAWK VALLEY,5,0,0,1,0,0,1,132,12,,,,,18,14,0,0,,0,0,0,0,0,0,1,3,1,0
02/03/2022,000367,SAMARITAN MEDICAL CENTER,CENTRAL REGIONAL OFFICE,JEFFERSON,INDEPENDENT,NORTH COUNTRY,26,2,1,2,4,0,0,853,72,,,,,130,93,10,10,3,0,0,0,7,3,6,7,1,2,0
02/03/2022,000377,"RIVER HOSPITAL, INC.",CENTRAL REGIONAL OFFICE,JEFFERSON,INDEPENDENT,NORTH COUNTRY,0,0,0,0,0,0,0,118,0,,,,,15,8,0,0,,0,0,0,0,0,0,0,0,0,0
02/03/2022,000379,CARTHAGE AREA HOSPITAL INC,CENTRAL REGIONAL OFFICE,JEFFERSON,INDEPENDENT,NORTH COUNTRY,8,2,0,0,0,0,0,169,11,,,,,25,25,0,0,2,0,0,0,0,0,0,3,2,3,0
02/03/2022,000383,LEWIS COUNTY GENERAL HOSPITAL,CENTRAL REGIONAL OFFICE,LEWIS,INDEPENDENT,NORTH COUNTRY,2,2,0,5,0,0,0,324,13,,,,,25,12,3,2,2,0,0,0,0,0,1,1,0,0,0
02/03/2022,000393,NICHOLAS H NOYES MEMORIAL HOSPITAL,WESTERN REGIONAL OFFICE,LIVINGSTON,UNIVERSITY OF ROCHESTER MEDICAL CENTER,FINGER LAKES,21,2,3,1,4,4,1,364,52,,,,,45,31,8,5,5,0,0,0,2,0,0,11,4,4,0
02/03/2022,000397,ONEIDA HEALTH HOSPITAL,CENTRAL REGIONAL OFFICE,MADISON,INDEPENDENT,CENTRAL NEW YORK,6,2,0,2,0,0,0,456,53,,,,,29,28,6,4,2,0,0,0,1,0,3,0,2,0,0
02/03/2022,000401,COMMUNITY MEMORIAL HOSPITAL INC,CENTRAL REGIONAL OFFICE,MADISON,CROUSE HEALTH,CENTRAL NEW YORK,2,0,0,1,0,0,0,207,18,,,,,25,19,0,0,,0,0,0,0,0,0,1,0,1,0
02/03/2022,000409,HIGHLAND HOSPITAL,WESTERN REGIONAL OFFICE,MONROE,UNIVERSITY OF ROCHESTER MEDICAL CENTER,FINGER LAKES,67,7,0,12,6,2,2,1787,186,,,,,310,299,14,13,7,0,0,0,12,3,7,16,14,15,0
02/03/2022,000411,ROCHESTER GENERAL HOSPITAL,WESTERN REGIONAL OFFICE,MONROE,ROCHESTER REGIONAL HEALTH SYSTEM,FINGER LAKES,114,6,3,16,12,5,4,3361,450,,,,,498,466,44,41,9,0,0,1,15,12,19,24,29,14,0
02/03/2022,000412,THE UNITY HOSPITAL OF ROCHESTER - ST MARYS CAMPUS,WESTERN REGIONAL OFFICE,MONROE,ROCHESTER REGIONAL HEALTH SYSTEM,FINGER LAKES,0,0,0,1,0,0,0,6,0,,,,,0,0,0,0,,0,0,0,0,0,0,0,0,0,0
02/03/2022,000413,STRONG MEMORIAL HOSPITAL,WESTERN REGIONAL OFFICE,MONROE,UNIVERSITY OF ROCHESTER MEDICAL CENTER,FINGER LAKES,153,16,1,24,32,18,0,4277,423,,,,,755,711,130,126,17,0,2,8,27,16,36,31,24,9,0
02/03/2022,000471,THE UNITY HOSPITAL OF ROCHESTER,WESTERN REGIONAL OFFICE,MONROE,ROCHESTER REGIONAL HEALTH SYSTEM,FINGER LAKES,79,1,6,11,6,5,1,2393,242,,,,,330,312,26,26,7,0,0,0,2,6,11,15,30,15,0
02/03/2022,000482,ST MARYS HEALTHCARE - AMSTERDAM MEMORIAL CAMPUS,CAPITAL DISTRICT REGIONAL OFFICE,MONTGOMERY,ASCENSION HEALTH,MOHAWK VALLEY,2,0,0,0,0,0,0,158,3,,,,,8,8,0,0,,0,0,0,0,0,0,0,1,1,0
02/03/2022,000484,ST MARYS HEALTHCARE,CAPITAL DISTRICT REGIONAL OFFICE,MONTGOMERY,ASCENSION HEALTH,MOHAWK VALLEY,18,1,0,4,3,0,0,610,96,,,,,56,49,8,5,1,0,0,0,1,3,3,1,4,6,0
02/03/2022,000490,GLEN COVE HOSPITAL,METROPOLITAN AREA REGIONAL OFFICE,NASSAU,NORTHWELL HEALTH,LONG ISLAND,9,1,0,1,2,1,0,997,142,,,,,75,49,18,7,1,0,0,0,0,0,0,5,2,2,0
02/03/2022,000511,NYU WINTHROP HOSPITAL,METROPOLITAN AREA REGIONAL OFFICE,NASSAU,NYU LANGONE HEALTH,LONG ISLAND,44,0,6,11,9,3,1,5066,553,,,,,407,350,49,43,6,0,0,1,4,3,8,10,10,8,0
02/03/2022,000513,MERCY MEDICAL CENTER,METROPOLITAN AREA REGIONAL OFFICE,NASSAU,CATHOLIC HEALTH SERVICES OF LONG ISLAND,LONG ISLAND,24,1,3,2,1,1,0,1479,262,,,,,197,156,13,9,4,0,0,0,3,1,2,6,6,6,0
02/03/2022,000518,LONG ISLAND JEWISH VALLEY STREAM,METROPOLITAN AREA REGIONAL OFFICE,NASSAU,NORTHWELL HEALTH,LONG ISLAND,52,5,2,5,5,3,0,2060,361,,,,,195,158,16,14,7,0,0,0,2,3,8,11,15,13,0
02/03/2022,000527,MOUNT SINAI SOUTH NASSAU,METROPOLITAN AREA REGIONAL OFFICE,NASSAU,MOUNT SINAI HEALTH SYSTEM,LONG ISLAND,26,3,3,5,2,2,1,2683,624,,,,,300,236,26,22,6,0,0,0,2,0,4,3,10,7,0
02/03/2022,000528,NASSAU UNIVERSITY MEDICAL CENTER,METROPOLITAN AREA REGIONAL OFFICE,NASSAU,INDEPENDENT,LONG ISLAND,48,4,1,13,8,3,0,1865,438,,,,,284,158,64,62,5,0,0,1,12,3,10,8,7,7,0
02/03/2022,000541,NORTH SHORE UNIVERSITY HOSPITAL,METROPOLITAN AREA REGIONAL OFFICE,NASSAU,NORTHWELL HEALTH,LONG ISLAND,181,13,0,18,21,9,2,5259,769,,,,,791,683,102,89,13,0,0,0,13,10,37,46,41,34,0
02/03/2022,000550,SYOSSET HOSPITAL,METROPOLITAN AREA REGIONAL OFFICE,NASSAU,NORTHWELL HEALTH,LONG ISLAND,2,0,0,2,1,0,0,271,65,,,,,69,41,8,8,,0,0,0,0,0,0,1,0,1,0
02/03/2022,000551,ST JOSEPH HOSPITAL,METROPOLITAN AREA REGIONAL OFFICE,NASSAU,CATHOLIC HEALTH SERVICES OF LONG ISLAND,LONG ISLAND,17,3,0,3,5,4,1,1338,240,,,,,136,91,12,11,3,0,0,1,1,1,1,2,4,7,0
02/03/2022,000552,PLAINVIEW HOSPITAL,METROPOLITAN AREA REGIONAL OFFICE,NASSAU,NORTHWELL HEALTH,LONG ISLAND,29,3,0,3,6,4,1,1392,291,,,,,152,119,16,10,3,0,0,0,1,1,3,9,10,5,0
02/03/2022,000563,ST FRANCIS HOSPITAL - ROSLYN,METROPOLITAN AREA REGIONAL OFFICE,NASSAU,CATHOLIC HEALTH SERVICES OF LONG ISLAND,LONG ISLAND,43,4,2,13,10,6,0,3801,329,,,,,449,312,80,41,6,0,0,0,2,1,5,8,16,11,0
02/03/2022,000565,EASTERN NIAGARA HOSPITAL - LOCKPORT,WESTERN REGIONAL OFFICE,NIAGARA,INDEPENDENT,WESTERN NEW YORK,3,0,0,1,0,0,0,295,27,,,,,25,13,0,0,,0,0,0,0,0,1,1,0,1,0
02/03/2022,000574,NIAGARA FALLS MEMORIAL MEDICAL CENTER,WESTERN REGIONAL OFFICE,NIAGARA,INDEPENDENT,WESTERN NEW YORK,20,1,0,3,5,2,1,382,122,,,,,61,50,12,11,1,0,0,0,3,1,8,4,3,1,0
02/03/2022,000581,DEGRAFF MEMORIAL HOSPITAL,WESTERN REGIONAL OFFICE,NIAGARA,KALEIDA HEALTH,WESTERN NEW YORK,0,0,0,0,0,0,0,0,0,,,,,0,0,0,0,,0,0,0,0,0,0,0,0,0,0
02/03/2022,000583,MOUNT ST MARYS HOSPITAL AND HEALTH CENTER,WESTERN REGIONAL OFFICE,NIAGARA,"CATHOLIC HEALTH, BUFFALO",WESTERN NEW YORK,11,1,0,3,3,3,0,424,66,,,,,72,50,12,10,1,0,0,0,2,2,2,4,1,0,0
02/03/2022,000589,ROME MEMORIAL HOSPITAL INC,CENTRAL REGIONAL OFFICE,ONEIDA,ST. JOSEPH'S HOSPITAL SYRACUSE NY,MOHAWK VALLEY,4,0,0,3,0,0,0,448,111,,,,,63,31,10,5,,0,0,0,0,0,0,2,1,1,0
02/03/2022,000598,ST ELIZABETH MEDICAL CENTER,CENTRAL REGIONAL OFFICE,ONEIDA,MOHAWK VALLEY HEALTH SYSTEM,MOHAWK VALLEY,30,2,1,3,3,3,0,931,193,,,,,151,145,23,23,3,0,0,0,1,3,8,9,4,5,0
02/03/2022,000599,FAXTON-ST LUKES HEALTHCARE - ST LUKES DIVISION,CENTRAL REGIONAL OFFICE,ONEIDA,MOHAWK VALLEY HEALTH SYSTEM,MOHAWK VALLEY,28,2,0,3,6,4,0,1334,298,,,,,157,145,16,13,2,1,0,1,4,2,4,9,5,2,0
02/03/2022,000628,UPSTATE UNIVERSITY HOSPITAL AT COMMUNITY GENERAL,CENTRAL REGIONAL OFFICE,ONONDAGA,INDEPENDENT,CENTRAL NEW YORK,15,0,0,7,4,2,0,1279,72,,,,,87,87,11,10,,0,0,0,1,2,3,1,7,1,0
02/03/2022,000630,ST JOSEPHS HOSPITAL HEALTH CENTER,CENTRAL REGIONAL OFFICE,ONONDAGA,TRINITY,CENTRAL NEW YORK,50,4,0,3,6,2,2,1453,320,,,,,230,218,38,36,4,0,0,0,6,4,6,10,8,16,0
02/03/2022,000635,UNIVERSITY HOSPITAL SUNY HEALTH SCIENCE CENTER,CENTRAL REGIONAL OFFICE,ONONDAGA,INDEPENDENT,CENTRAL NEW YORK,55,7,0,9,20,6,0,2060,237,,,,,331,331,88,81,7,0,3,4,12,4,10,10,5,7,0
02/03/2022,000636,CROUSE HOSPITAL,CENTRAL REGIONAL OFFICE,ONONDAGA,CROUSE HEALTH,CENTRAL NEW YORK,38,2,0,10,6,5,0,1255,258,,,,,250,220,35,28,2,0,0,0,3,5,9,9,6,6,0
02/03/2022,000671,GENEVA GENERAL HOSPITAL,WESTERN REGIONAL OFFICE,ONTARIO,FINGER LAKES HEALTH,FINGER LAKES,12,2,0,2,2,0,0,478,64,,,,,60,60,14,14,2,0,0,0,1,0,4,0,4,3,0
02/03/2022,000676,CLIFTON SPRINGS HOSPITAL AND CLINIC,WESTERN REGIONAL OFFICE,ONTARIO,ROCHESTER REGIONAL HEALTH SYSTEM,FINGER LAKES,12,0,3,0,1,0,0,226,26,,,,,39,27,6,3,3,0,0,0,2,0,3,2,3,2,0
02/03/2022,000678,F F THOMPSON HOSPITAL,WESTERN REGIONAL OFFICE,ONTARIO,UNIVERSITY OF ROCHESTER MEDICAL CENTER,FINGER LAKES,19,4,0,5,8,3,0,776,83,,,,,102,89,12,12,4,0,0,0,0,2,4,5,5,3,0
02/03/2022,000694,ST LUKES CORNWALL HOSPITAL NEWBURGH,METROPOLITAN AREA REGIONAL OFFICE,ORANGE,MONTEFIORE HEALTHCARE SYSTEM,MID-HUDSON,41,7,0,14,7,5,0,2061,371,,,,,166,138,18,14,7,0,0,0,6,2,9,11,11,2,0
02/03/2022,000699,ORANGE REGIONAL MEDICAL CENTER,METROPOLITAN AREA REGIONAL OFFICE,ORANGE,GARNET HEALTH -FORMERLY GREATER HUDSON VALLEY HEALTH SYSTEM,MID-HUDSON,56,3,0,8,9,8,3,3201,385,,,,,421,320,50,37,3,0,0,0,11,4,10,12,12,7,0
02/03/2022,000704,ST ANTHONY COMMUNITY HOSPITAL,METROPOLITAN AREA REGIONAL OFFICE,ORANGE,WESTCHESTER MEDICAL CENTER HEALTH NETWORK,MID-HUDSON,1,1,0,0,0,0,0,288,37,,,,,35,18,8,5,1,0,0,0,1,0,0,0,0,0,0
02/03/2022,000708,BON SECOURS COMMUNITY HOSPITAL,METROPOLITAN AREA REGIONAL OFFICE,ORANGE,WESTCHESTER MEDICAL CENTER HEALTH NETWORK,MID-HUDSON,6,0,0,0,2,1,0,442,47,,,,,35,20,8,3,,0,0,0,1,0,2,1,1,1,0
02/03/2022,000718,MEDINA MEMORIAL HOSPITAL,WESTERN REGIONAL OFFICE,ORLEANS,INDEPENDENT,FINGER LAKES,2,0,0,0,0,0,0,122,6,,,,,18,10,0,0,,0,0,0,0,1,1,0,0,0,0
02/03/2022,000727,OSWEGO HOSPITAL,CENTRAL REGIONAL OFFICE,OSWEGO,INDEPENDENT,CENTRAL NEW YORK,13,2,0,1,2,0,0,452,52,,,,,50,48,8,7,2,0,0,0,0,3,4,2,2,2,0
02/03/2022,000739,A.O. FOX MEMORIAL HOSPITAL,CAPITAL DISTRICT REGIONAL OFFICE,OTSEGO,BASSETT HEALTHCARE NETWORK,MOHAWK VALLEY,4,2,0,1,0,0,0,540,16,,,,,25,22,0,0,2,0,0,0,0,1,0,1,1,1,0
02/03/2022,000746,MARY IMOGENE BASSETT HOSPITAL,CAPITAL DISTRICT REGIONAL OFFICE,OTSEGO,BASSETT HEALTHCARE NETWORK,MOHAWK VALLEY,15,2,0,1,4,4,1,403,90,,,,,143,141,14,14,2,0,0,0,2,0,2,3,6,2,0
02/03/2022,000752,PUTNAM HOSPITAL CENTER,METROPOLITAN AREA REGIONAL OFFICE,PUTNAM,NUVANCE HEALTH,MID-HUDSON,10,2,0,3,2,1,1,645,85,,,,,71,52,10,4,2,0,0,0,0,0,4,2,3,1,0
02/03/2022,000756,SAMARITAN HOSPITAL,CAPITAL DISTRICT REGIONAL OFFICE,RENSSELAER,ST. PETERS HEALTH PARTNERS,CAPITAL REGION,44,4,0,3,5,3,0,1169,145,,,,,151,134,20,17,4,0,0,1,11,9,3,6,9,5,0
02/03/2022,000775,HELEN HAYES HOSPITAL,METROPOLITAN AREA REGIONAL OFFICE,ROCKLAND,NEW YORK-PRESBYTERIAN HEALTHCARE SYSTEM,MID-HUDSON,16,1,0,4,0,0,0,266,2,,,,,0,0,0,0,1,0,0,0,4,3,4,2,1,2,0
02/03/2022,000776,MONTEFIORE NYACK,METROPOLITAN AREA REGIONAL OFFICE,ROCKLAND,MONTEFIORE HEALTHCARE SYSTEM,MID-HUDSON,22,4,0,4,2,2,0,1634,367,,,,,199,138,20,18,4,0,0,0,1,1,4,6,4,6,0
02/03/2022,000779,GOOD SAMARITAN HOSPITAL OF SUFFERN,METROPOLITAN AREA REGIONAL OFFICE,ROCKLAND,WESTCHESTER MEDICAL CENTER HEALTH NETWORK,MID-HUDSON,16,2,0,6,4,0,0,1832,408,,,,,158,120,44,28,2,0,0,0,1,5,5,2,2,1,0
02/03/2022,000798,CLAXTON HEPBURN HOSPITAL,CENTRAL REGIONAL OFFICE,ST.LAWRENCE,NORTH STAR HEALTH ALLIANCE,NORTH COUNTRY,3,0,0,0,2,0,0,293,40,,,,,40,27,10,7,,0,0,0,0,0,2,1,0,0,0
02/03/2022,000804,MASSENA HOSPITAL,CENTRAL REGIONAL OFFICE,ST.LAWRENCE,ST. LAWRENCE HEALTH SYSTEM,NORTH COUNTRY,3,1,0,1,0,0,0,29,1,,,,,25,21,0,0,1,0,0,0,1,0,0,0,2,0,0
02/03/2022,000812,GOUVERNEUR HOSPITAL,CENTRAL REGIONAL OFFICE,ST.LAWRENCE,ST. LAWRENCE HEALTH SYSTEM,NORTH COUNTRY,7,0,0,0,0,0,0,18,1,,,,,25,20,0,0,,0,0,0,0,0,1,4,0,2,0
02/03/2022,000815,CANTON-POTSDAM HOSPITAL,CENTRAL REGIONAL OFFICE,ST.LAWRENCE,ST. LAWRENCE HEALTH SYSTEM,NORTH COUNTRY,13,1,3,2,2,0,0,626,67,,,,,72,64,10,5,4,0,0,1,1,2,4,4,1,0,0
02/03/2022,000817,CLIFTON-FINE HOSPITAL,CENTRAL REGIONAL OFFICE,ST.LAWRENCE,INDEPENDENT,NORTH COUNTRY,0,0,0,1,0,0,0,75,0,,,,,20,14,0,0,,0,0,0,0,0,0,0,0,0,0
02/03/2022,000818,SARATOGA HOSPITAL,CAPITAL DISTRICT REGIONAL OFFICE,SARATOGA,ALBANY MEDICAL CENTER,CAPITAL REGION,27,2,0,4,7,3,3,1071,181,,,,,177,147,19,16,2,0,0,0,1,2,4,12,4,4,0
02/03/2022,000829,ELLIS HOSPITAL,CAPITAL DISTRICT REGIONAL OFFICE,SCHENECTADY,INDEPENDENT,CAPITAL REGION,23,6,0,9,3,2,0,1383,237,,,,,203,171,28,28,6,0,0,0,2,4,0,5,5,7,0
02/03/2022,000858,SCHUYLER HOSPITAL,WESTERN REGIONAL OFFICE,SCHUYLER,CAYUGA HEALTH SYSTEM,SOUTHERN TIER,1,0,0,2,0,0,0,85,0,,,,,16,9,0,0,,0,0,0,0,0,0,0,1,0,0
02/03/2022,000866,CORNING HOSPITAL,WESTERN REGIONAL OFFICE,STEUBEN,THE GUTHRIE CLINIC,SOUTHERN TIER,11,3,0,2,2,0,0,786,68,,,,,67,56,8,5,3,0,0,0,3,1,1,3,2,1,0
02/03/2022,000870,ST. JAMES HOSPITAL,WESTERN REGIONAL OFFICE,STEUBEN,UNIVERSITY OF ROCHESTER MEDICAL CENTER,SOUTHERN TIER,6,1,0,0,0,0,0,249,22,,,,,30,12,0,0,1,0,0,0,0,0,1,2,2,1,0
02/03/2022,000873,IRA DAVENPORT MEMORIAL HOSPITAL INC,WESTERN REGIONAL OFFICE,STEUBEN,ARNOT HEALTH,SOUTHERN TIER,1,0,0,0,0,0,0,99,3,,,,,6,5,0,0,,0,0,0,0,0,0,0,1,0,0
02/03/2022,000885,LONG ISLAND COMMUNITY HOSPITAL,METROPOLITAN AREA REGIONAL OFFICE,SUFFOLK,INDEPENDENT,LONG ISLAND,50,7,0,6,10,6,5,1241,402,,,,,158,140,24,21,7,0,0,0,6,5,4,17,11,7,0
02/03/2022,000889,UNIVERSITY HOSPITAL - STONY BROOK SOUTHAMPTON HOSPITAL,METROPOLITAN AREA REGIONAL OFFICE,SUFFOLK,STONY BROOK MEDICINE,LONG ISLAND,13,1,0,0,5,1,0,761,74,,,,,98,62,12,8,1,0,0,0,0,1,4,3,3,2,0
02/03/2022,000891,UNIVERSITY HOSPITAL - STONY BROOK EASTERN LONG ISLAND HOSPITAL,METROPOLITAN AREA REGIONAL OFFICE,SUFFOLK,STONY BROOK MEDICINE,LONG ISLAND,1,0,0,0,0,0,0,148,11,,,,,27,7,2,0,,0,0,0,0,0,0,0,0,1,0
02/03/2022,000895,JOHN T MATHER MEMORIAL HOSPITAL OF PORT JEFFERSON NEW YORK INC,METROPOLITAN AREA REGIONAL OFFICE,SUFFOLK,NORTHWELL HEALTH,LONG ISLAND,27,6,0,4,7,5,0,1318,196,,,,,234,130,26,17,6,0,0,1,1,0,2,7,11,5,0
02/03/2022,000896,ST CHARLES HOSPITAL,METROPOLITAN AREA REGIONAL OFFICE,SUFFOLK,CATHOLIC HEALTH SERVICES OF LONG ISLAND,LONG ISLAND,19,5,1,1,7,5,0,1066,135,,,,,210,152,16,11,6,0,0,0,3,3,4,5,0,4,0
02/03/2022,000913,HUNTINGTON HOSPITAL,METROPOLITAN AREA REGIONAL OFFICE,SUFFOLK,NORTHWELL HEALTH,LONG ISLAND,27,2,1,9,2,1,1,2615,378,,,,,248,163,26,20,3,0,0,0,2,1,3,3,9,9,0
02/03/2022,000924,SOUTHSIDE HOSPITAL,METROPOLITAN AREA REGIONAL OFFICE,SUFFOLK,NORTHWELL HEALTH,LONG ISLAND,62,5,0,10,1,1,2,3099,489,,,,,372,271,46,41,5,0,0,0,5,4,15,14,13,11,0
02/03/2022,000925,GOOD SAMARITAN HOSPITAL MEDICAL CENTER,METROPOLITAN AREA REGIONAL OFFICE,SUFFOLK,CATHOLIC HEALTH SERVICES OF LONG ISLAND,LONG ISLAND,56,11,1,7,9,7,0,3805,774,,,,,422,263,80,68,12,0,1,2,5,4,13,14,11,6,0
02/03/2022,000938,PECONIC BAY MEDICAL CENTER,METROPOLITAN AREA REGIONAL OFFICE,SUFFOLK,NORTHWELL HEALTH,LONG ISLAND,25,1,0,5,1,1,1,1385,225,,,,,144,128,16,7,1,0,0,0,2,1,2,5,10,5,0
02/03/2022,000943,ST CATHERINE OF SIENA MEDICAL CENTER,METROPOLITAN AREA REGIONAL OFFICE,SUFFOLK,CATHOLIC HEALTH SERVICES OF LONG ISLAND,LONG ISLAND,23,2,0,2,5,0,0,2132,229,,,,,248,154,23,17,2,0,0,0,4,1,4,10,1,3,0
02/03/2022,000968,CATSKILL REGIONAL MEDICAL CENTER G HERMANN SITE,METROPOLITAN AREA REGIONAL OFFICE,SULLIVAN,GARNET HEALTH -FORMERLY GREATER HUDSON VALLEY HEALTH SYSTEM,MID-HUDSON,0,0,0,0,0,0,0,218,0,,,,,5,0,0,0,,0,0,0,0,0,0,0,0,0,0
02/03/2022,000971,CATSKILL REGIONAL MEDICAL CENTER,METROPOLITAN AREA REGIONAL OFFICE,SULLIVAN,GARNET HEALTH -FORMERLY GREATER HUDSON VALLEY HEALTH SYSTEM,MID-HUDSON,18,2,0,3,0,0,0,601,71,,,,,85,57,11,6,2,0,0,0,2,1,1,7,3,4,0
02/03/2022,000977,CAYUGA MEDICAL CENTER AT ITHACA,CENTRAL REGIONAL OFFICE,TOMPKINS,CAYUGA HEALTH SYSTEM,SOUTHERN TIER,22,2,0,2,6,2,0,498,47,,,,,87,63,12,7,2,0,0,1,2,1,6,4,6,2,0
02/03/2022,000990,HEALTHALLIANCE HOSPITAL BROADWAY CAMPUS,METROPOLITAN AREA REGIONAL OFFICE,ULSTER,WESTCHESTER MEDICAL CENTER HEALTH NETWORK,MID-HUDSON,27,5,0,6,2,2,0,588,102,,,,,111,86,13,7,5,0,0,0,2,1,7,5,9,3,0
02/03/2022,001002,ELLENVILLE REGIONAL HOSPITAL,METROPOLITAN AREA REGIONAL OFFICE,ULSTER,INDEPENDENT,MID-HUDSON,2,0,0,0,0,0,0,174,5,,,,,25,19,0,0,,0,0,0,0,0,0,1,1,0,0
02/03/2022,001005,GLENS FALLS HOSPITAL,CAPITAL DISTRICT REGIONAL OFFICE,WARREN,INDEPENDENT,CAPITAL REGION,34,2,0,5,4,2,2,902,138,,,,,180,136,12,11,2,0,0,0,2,7,3,7,8,7,0
02/03/2022,001028,NEWARK-WAYNE COMMUNITY HOSPITAL,WESTERN REGIONAL OFFICE,WAYNE,ROCHESTER REGIONAL HEALTH SYSTEM,FINGER LAKES,21,1,2,7,4,2,0,663,63,,,,,78,60,9,8,3,0,0,0,3,3,5,4,4,2,0
02/03/2022,001039,NEWYORK-PRESBYTERIAN/HUDSON VALLEY HOSPITAL,METROPOLITAN AREA REGIONAL OFFICE,WESTCHESTER,NEW YORK-PRESBYTERIAN HEALTHCARE SYSTEM,MID-HUDSON,13,1,0,2,3,3,1,1122,263,,,,,109,76,12,10,1,0,0,0,0,1,3,3,4,2,0
02/03/2022,001045,WHITE PLAINS HOSPITAL CENTER,METROPOLITAN AREA REGIONAL OFFICE,WESTCHESTER,MONTEFIORE HEALTHCARE SYSTEM,MID-HUDSON,36,5,1,4,3,3,0,2877,457,,,,,269,233,16,14,6,0,0,0,1,2,8,5,12,8,0
02/03/2022,001046,WINIFRED MASTERSON BURKE REHABILITATION HOSPITAL,METROPOLITAN AREA REGIONAL OFFICE,WESTCHESTER,MONTEFIORE HEALTHCARE SYSTEM,MID-HUDSON,25,2,0,5,0,0,0,528,1,,,,,150,138,0,0,2,0,0,0,1,2,4,6,9,3,0
02/03/2022,001061,MONTEFIORE MOUNT VERNON HOSPITAL,METROPOLITAN AREA REGIONAL OFFICE,WESTCHESTER,MONTEFIORE HEALTHCARE SYSTEM,MID-HUDSON,1,1,0,1,0,0,0,336,42,,,,,15,9,2,0,1,0,0,0,0,0,0,0,1,0,0
02/03/2022,001072,MONTEFIORE NEW ROCHELLE HOSPITAL,METROPOLITAN AREA REGIONAL OFFICE,WESTCHESTER,MONTEFIORE HEALTHCARE SYSTEM,MID-HUDSON,16,2,1,2,0,0,0,800,269,,,,,78,69,7,2,3,0,0,0,0,0,1,4,4,7,0
02/03/2022,001097,SJRH - ST JOHNS DIVISION,METROPOLITAN AREA REGIONAL OFFICE,WESTCHESTER,"RIVERSIDE HEALTH CARE SYSTEM, INC.",MID-HUDSON,12,0,0,1,1,1,0,1409,309,,,,,120,108,16,11,,0,0,0,1,0,3,4,0,4,0
02/03/2022,001098,ST JOSEPHS MEDICAL CENTER,METROPOLITAN AREA REGIONAL OFFICE,WESTCHESTER,INDEPENDENT,MID-HUDSON,11,4,0,3,3,2,1,588,129,,,,,56,26,6,6,4,0,0,0,0,1,5,1,2,2,0
02/03/2022,001117,NORTHERN WESTCHESTER HOSPITAL ASSOCIATION,METROPOLITAN AREA REGIONAL OFFICE,WESTCHESTER,NORTHWELL HEALTH,MID-HUDSON,16,1,0,4,5,5,0,1200,146,,,,,152,99,11,11,1,0,0,0,0,2,3,3,6,2,0
02/03/2022,001122,NEW YORK-PRESBYTERIAN LAWRENCE HOSPITAL,METROPOLITAN AREA REGIONAL OFFICE,WESTCHESTER,NEW YORK-PRESBYTERIAN HEALTHCARE SYSTEM,MID-HUDSON,34,4,0,4,8,6,0,2113,348,,,,,191,143,18,17,4,0,0,0,1,2,3,12,5,11,0
02/03/2022,001124,SJRH - DOBBS FERRY PAVILION,METROPOLITAN AREA REGIONAL OFFICE,WESTCHESTER,"RIVERSIDE HEALTH CARE SYSTEM, INC.",MID-HUDSON,0,0,0,0,0,0,0,15,0,,,,,10,8,0,0,,0,0,0,0,0,0,0,0,0,0
02/03/2022,001129,PHELPS HOSPITAL,METROPOLITAN AREA REGIONAL OFFICE,WESTCHESTER,NORTHWELL HEALTH,MID-HUDSON,16,1,1,6,1,1,2,1170,230,,,,,145,78,9,9,2,0,0,0,1,0,4,1,6,4,0
02/03/2022,001138,BLYTHEDALE CHILDRENS HOSPITAL,METROPOLITAN AREA REGIONAL OFFICE,WESTCHESTER,INDEPENDENT,MID-HUDSON,2,0,0,0,0,0,0,12,0,,,,,94,79,0,0,,0,0,2,0,0,0,0,0,0,0
02/03/2022,001139,WESTCHESTER MEDICAL CENTER,METROPOLITAN AREA REGIONAL OFFICE,WESTCHESTER,WESTCHESTER MEDICAL CENTER HEALTH NETWORK,MID-HUDSON,83,7,1,7,19,15,0,2543,309,,,,,510,419,155,155,8,1,0,9,17,9,12,18,14,3,0
02/03/2022,001153,WYOMING COUNTY COMMUNITY HOSPITAL,WESTERN REGIONAL OFFICE,WYOMING,INDEPENDENT,FINGER LAKES,7,2,0,0,1,0,1,336,45,,,,,41,37,7,7,2,0,0,0,0,1,1,2,2,1,0
02/03/2022,001158,SOLDIERS AND SAILORS MEMORIAL HOSPITAL OF YATES COUNTY INC,WESTERN REGIONAL OFFICE,YATES,FINGER LAKES HEALTH,FINGER LAKES,2,0,0,1,0,0,0,92,10,,,,,14,9,0,0,,0,0,0,0,0,0,1,0,1,0
02/03/2022,001165,JACOBI MEDICAL CENTER,METROPOLITAN AREA REGIONAL OFFICE,BRONX,NYC H+H,NEW YORK CITY,41,7,0,6,8,3,0,2068,429,,,,,247,206,78,57,7,0,0,0,6,4,10,8,9,4,0
02/03/2022,001168,MONTEFIORE MEDICAL CENTER - WAKEFIELD HOSPITAL,METROPOLITAN AREA REGIONAL OFFICE,BRONX,MONTEFIORE HEALTHCARE SYSTEM,NEW YORK CITY,26,2,1,3,2,1,0,2617,434,,,,,321,167,16,11,3,0,0,0,5,1,6,5,5,4,0
02/03/2022,001169,MONTEFIORE MEDICAL CENTER - HENRY AND LUCY MOSES DIV,METROPOLITAN AREA REGIONAL OFFICE,BRONX,MONTEFIORE HEALTHCARE SYSTEM,NEW YORK CITY,125,5,3,21,8,2,0,6230,958,,,,,818,622,84,80,8,1,2,2,19,17,15,34,25,10,0
02/03/2022,001172,LINCOLN MEDICAL AND MENTAL HEALTH CENTER,METROPOLITAN AREA REGIONAL OFFICE,BRONX,NYC H+H,NEW YORK CITY,38,1,0,6,10,9,0,2178,486,,,,,232,203,43,35,1,1,0,2,8,4,7,5,9,2,0
02/03/2022,001176,SBH HEALTH SYSTEM,METROPOLITAN AREA REGIONAL OFFICE,BRONX,INDEPENDENT,NEW YORK CITY,40,6,0,7,11,6,2,1963,437,,,,,230,159,38,28,6,1,0,0,10,5,6,9,4,5,0
02/03/2022,001178,BRONXCARE HOSPITAL CENTER,METROPOLITAN AREA REGIONAL OFFICE,BRONX,INDEPENDENT,NEW YORK CITY,40,1,0,3,5,0,2,3071,663,,,,,437,292,37,30,1,0,0,0,7,9,11,6,4,3,0
02/03/2022,001185,MONTEFIORE MEDICAL CENTER - MONTEFIORE WESTCHESTER SQUARE,METROPOLITAN AREA REGIONAL OFFICE,BRONX,MONTEFIORE HEALTHCARE SYSTEM,NEW YORK CITY,0,0,0,0,0,0,0,0,0,,,,,0,0,0,0,,0,0,0,0,0,0,0,0,0,0
02/03/2022,001186,NORTH CENTRAL BRONX HOSPITAL,METROPOLITAN AREA REGIONAL OFFICE,BRONX,NYC H+H,NEW YORK CITY,23,4,0,3,16,0,0,1278,155,,,,,136,89,20,17,4,0,0,0,4,1,3,2,6,7,0
02/03/2022,001286,BROOKDALE HOSPITAL MEDICAL CENTER,METROPOLITAN AREA REGIONAL OFFICE,KINGS,ONE BROOKLYN HEALTH SYSTEM,NEW YORK CITY,53,2,1,16,13,9,1,3370,668,,,,,263,241,39,36,3,0,0,1,6,4,9,12,12,9,0
02/03/2022,001288,BROOKLYN HOSPITAL CENTER - DOWNTOWN CAMPUS,METROPOLITAN AREA REGIONAL OFFICE,KINGS,INDEPENDENT,NEW YORK CITY,23,0,1,5,2,0,0,1274,306,,,,,190,154,18,12,1,0,0,1,1,2,3,4,9,3,0
02/03/2022,001293,"NEW YORK COMMUNITY HOSPITAL OF BROOKLYN, INC",METROPOLITAN AREA REGIONAL OFFICE,KINGS,INDEPENDENT,NEW YORK CITY,37,1,0,6,5,1,2,1768,439,,,,,134,93,19,17,1,0,0,0,0,0,2,4,13,18,0
02/03/2022,001294,CONEY ISLAND HOSPITAL,METROPOLITAN AREA REGIONAL OFFICE,KINGS,NYC H+H,NEW YORK CITY,75,5,0,16,10,7,0,2891,552,,,,,279,225,42,40,5,0,0,1,2,4,14,17,17,20,0
02/03/2022,001301,KINGS COUNTY HOSPITAL CENTER,METROPOLITAN AREA REGIONAL OFFICE,KINGS,NYC H+H,NEW YORK CITY,33,4,0,2,7,7,0,3338,438,,,,,300,228,40,35,4,1,0,0,7,2,2,7,9,5,0
02/03/2022,001304,NYU LANGONE HOSPITAL-BROOKLYN,METROPOLITAN AREA REGIONAL OFFICE,KINGS,NYU LANGONE HEALTH,NEW YORK CITY,49,2,10,11,6,4,1,4645,730,,,,,271,213,29,26,12,0,0,0,11,3,8,10,11,6,0
02/03/2022,001305,MAIMONIDES MEDICAL CENTER,METROPOLITAN AREA REGIONAL OFFICE,KINGS,INDEPENDENT,NEW YORK CITY,132,10,3,18,18,13,4,5464,1252,,,,,711,529,72,60,12,2,0,4,10,5,17,28,37,29,0
02/03/2022,001306,NEW YORK - PRESBYTERIAN BROOKLYN METHODIST HOSPITAL,METROPOLITAN AREA REGIONAL OFFICE,KINGS,NEW YORK-PRESBYTERIAN HEALTHCARE SYSTEM,NEW YORK CITY,84,1,1,10,10,9,0,3788,704,,,,,454,346,37,32,2,0,2,0,5,2,17,24,17,17,0
02/03/2022,001309,INTERFAITH MEDICAL CENTER,METROPOLITAN AREA REGIONAL OFFICE,KINGS,ONE BROOKLYN HEALTH SYSTEM,NEW YORK CITY,38,0,1,2,6,6,0,921,274,,,,,140,114,13,13,1,0,0,0,6,1,4,7,11,9,0
02/03/2022,001315,KINGSBROOK JEWISH MEDICAL CENTER,METROPOLITAN AREA REGIONAL OFFICE,KINGS,ONE BROOKLYN HEALTH SYSTEM,NEW YORK CITY,2,0,0,0,0,0,0,547,293,,,,,0,0,0,0,,0,0,0,0,0,1,1,0,0,0
02/03/2022,001318,WYCKOFF HEIGHTS MEDICAL CENTER,METROPOLITAN AREA REGIONAL OFFICE,KINGS,INDEPENDENT,NEW YORK CITY,25,0,2,6,5,5,1,2142,416,,,,,162,127,24,18,2,0,0,0,2,3,5,6,8,1,0
02/03/2022,001320,UNIVERSITY HOSPITAL OF BROOKLYN,METROPOLITAN AREA REGIONAL OFFICE,KINGS,INDEPENDENT,NEW YORK CITY,21,0,0,4,5,3,0,1397,422,,,,,140,112,16,15,,0,0,0,1,1,2,6,7,4,0
02/03/2022,001324,MOUNT SINAI BROOKLYN,METROPOLITAN AREA REGIONAL OFFICE,KINGS,MOUNT SINAI HEALTH SYSTEM,NEW YORK CITY,51,0,4,3,4,3,3,1737,600,,,,,212,184,21,18,4,0,0,1,0,0,6,13,16,15,0
02/03/2022,001437,NEW YORK-PRESBYTERIAN/LOWER MANHATTAN HOSPITAL,METROPOLITAN AREA REGIONAL OFFICE,NEW YORK,NEW YORK-PRESBYTERIAN HEALTHCARE SYSTEM,NEW YORK CITY,24,1,0,5,9,5,1,1330,185,,,,,127,78,20,9,1,0,0,0,1,2,2,3,9,7,0
02/03/2022,001438,BELLEVUE HOSPITAL CENTER,METROPOLITAN AREA REGIONAL OFFICE,NEW YORK,NYC H+H,NEW YORK CITY,47,8,0,6,13,7,1,3192,410,,,,,488,395,98,84,8,0,0,3,13,7,9,6,8,1,0
02/03/2022,001439,MOUNT SINAI BETH ISRAEL,METROPOLITAN AREA REGIONAL OFFICE,NEW YORK,MOUNT SINAI HEALTH SYSTEM,NEW YORK CITY,44,0,6,2,13,8,0,2020,338,,,,,192,146,24,22,6,0,0,0,7,2,8,9,9,9,0
02/03/2022,001445,HARLEM HOSPITAL CENTER,METROPOLITAN AREA REGIONAL OFFICE,NEW YORK,NYC H+H,NEW YORK CITY,30,0,0,2,2,2,0,1395,297,,,,,152,131,33,23,,0,0,0,3,2,4,6,10,5,0
02/03/2022,001447,HOSPITAL FOR SPECIAL SURGERY,METROPOLITAN AREA REGIONAL OFFICE,NEW YORK,INDEPENDENT,NEW YORK CITY,1,0,0,0,0,0,0,214,10,,,,,182,139,4,3,,0,0,0,1,0,0,0,0,0,0
02/03/2022,001450,LENOX HILL HOSPITAL,METROPOLITAN AREA REGIONAL OFFICE,NEW YORK,NORTHWELL HEALTH,NEW YORK CITY,28,1,0,6,8,5,0,3053,293,,,,,465,299,48,44,1,0,0,0,3,3,6,9,5,2,0
02/03/2022,001453,MEMORIAL HOSPITAL FOR CANCER AND ALLIED DISEASES,METROPOLITAN AREA REGIONAL OFFICE,NEW YORK,INDEPENDENT,NEW YORK CITY,46,3,2,7,6,2,0,1273,153,,,,,514,470,20,19,5,0,1,1,1,3,14,15,9,2,0
02/03/2022,001454,METROPOLITAN HOSPITAL CENTER,METROPOLITAN AREA REGIONAL OFFICE,NEW YORK,NYC H+H,NEW YORK CITY,13,2,0,5,3,0,0,1008,152,,,,,112,81,17,17,2,1,0,0,6,0,1,3,0,2,0
02/03/2022,001456,MOUNT SINAI HOSPITAL,METROPOLITAN AREA REGIONAL OFFICE,NEW YORK,MOUNT SINAI HEALTH SYSTEM,NEW YORK CITY,113,1,12,13,18,13,3,4636,817,,,,,860,750,125,122,13,0,1,2,16,11,19,30,20,14,0
02/03/2022,001458,NEW YORK PRESBYTERIAN HOSPITAL NEW YORK WEILL CORNELL CENTER,METROPOLITAN AREA REGIONAL OFFICE,NEW YORK,NEW YORK-PRESBYTERIAN HEALTHCARE SYSTEM,NEW YORK CITY,102,10,2,14,28,17,3,3772,495,,,,,641,551,132,111,12,2,1,2,14,10,21,25,15,12,0
02/03/2022,001463,NYU LANGONE HOSPITALS,METROPOLITAN AREA REGIONAL OFFICE,NEW YORK,NYU LANGONE HEALTH,NEW YORK CITY,86,6,6,14,24,9,0,5201,441,,,,,598,505,152,137,12,1,1,3,11,8,19,22,11,10,0
02/03/2022,001464,NEW YORK PRESBYTERIAN HOSPITAL COLUMBIA PRESBYTERIAN CENTER,METROPOLITAN AREA REGIONAL OFFICE,NEW YORK,NEW YORK-PRESBYTERIAN HEALTHCARE SYSTEM,NEW YORK CITY,119,3,2,13,26,9,1,5250,749,,,,,825,696,158,134,5,3,4,2,15,15,30,20,20,10,0
02/03/2022,001466,MOUNT SINAI WEST,METROPOLITAN AREA REGIONAL OFFICE,NEW YORK,MOUNT SINAI HEALTH SYSTEM,NEW YORK CITY,45,3,0,4,5,2,0,1771,240,,,,,265,199,27,22,3,0,0,1,5,3,9,7,11,9,0
02/03/2022,001469,MOUNT SINAI MORNINGSIDE,METROPOLITAN AREA REGIONAL OFFICE,NEW YORK,MOUNT SINAI HEALTH SYSTEM,NEW YORK CITY,41,3,0,3,9,5,0,2362,531,,,,,304,251,40,37,3,0,0,3,2,5,9,10,6,6,0
02/03/2022,001626,ELMHURST HOSPITAL CENTER,METROPOLITAN AREA REGIONAL OFFICE,QUEENS,NYC H+H,NEW YORK CITY,51,5,1,6,6,5,2,3136,655,,,,,276,243,29,26,6,0,0,1,6,4,9,10,11,10,0
02/03/2022,001628,FLUSHING HOSPITAL MEDICAL CENTER,METROPOLITAN AREA REGIONAL OFFICE,QUEENS,MEDISYS HEALTH NETWORK,NEW YORK CITY,21,2,1,7,2,2,2,1650,528,,,,,199,102,22,14,3,0,0,0,5,0,3,5,6,2,0
02/03/2022,001629,JAMAICA HOSPITAL MEDICAL CENTER,METROPOLITAN AREA REGIONAL OFFICE,QUEENS,MEDISYS HEALTH NETWORK,NEW YORK CITY,48,4,0,5,8,5,1,2754,756,,,,,269,193,34,26,4,0,0,1,7,3,11,12,10,4,0
02/03/2022,001630,LONG ISLAND JEWISH MEDICAL CENTER,METROPOLITAN AREA REGIONAL OFFICE,QUEENS,NORTHWELL HEALTH,NEW YORK CITY,151,19,0,19,13,9,1,5837,825,,,,,923,604,122,89,19,7,6,9,23,6,23,27,30,20,0
02/03/2022,001633,QUEENS HOSPITAL CENTER,METROPOLITAN AREA REGIONAL OFFICE,QUEENS,NYC H+H,NEW YORK CITY,32,1,5,4,3,0,2,1999,407,,,,,176,160,16,13,6,0,0,0,6,1,6,7,6,6,0
02/03/2022,001635,ST JOHNS EPISCOPAL HOSPITAL SOUTH SHORE,METROPOLITAN AREA REGIONAL OFFICE,QUEENS,INDEPENDENT,NEW YORK CITY,25,3,0,2,8,7,0,1386,450,,,,,138,106,16,15,3,0,0,0,2,2,6,5,6,4,0
02/03/2022,001637,NEWYORK-PRESBYTERIAN/QUEENS,METROPOLITAN AREA REGIONAL OFFICE,QUEENS,NEW YORK-PRESBYTERIAN HEALTHCARE SYSTEM,NEW YORK CITY,74,11,0,11,8,5,4,5929,1131,,,,,433,343,50,31,11,0,0,0,4,4,12,17,26,11,0
02/03/2022,001638,LONG ISLAND JEWISH FOREST HILLS,METROPOLITAN AREA REGIONAL OFFICE,QUEENS,NORTHWELL HEALTH,NEW YORK CITY,45,2,0,11,6,5,0,3065,606,,,,,212,144,25,13,2,0,0,0,3,2,9,15,8,8,0
02/03/2022,001639,MOUNT SINAI HOSPITAL MOUNT SINAI HOSPITAL OF QUEENS,METROPOLITAN AREA REGIONAL OFFICE,QUEENS,MOUNT SINAI HEALTH SYSTEM,NEW YORK CITY,36,0,2,2,3,3,3,1958,625,,,,,175,135,9,7,2,0,0,0,1,2,6,10,12,5,0
02/03/2022,001692,WOODHULL MEDICAL AND MENTAL HEALTH CENTER,METROPOLITAN AREA REGIONAL OFFICE,KINGS,NYC H+H,NEW YORK CITY,28,0,5,6,1,0,1,1524,307,,,,,144,125,12,7,5,0,0,0,9,4,5,4,3,3,0
02/03/2022,001723,MERCY HOSPITAL-ORCHARD PARK DIVISION,WESTERN REGIONAL OFFICE,ERIE,"CATHOLIC HEALTH, BUFFALO",WESTERN NEW YORK,0,0,0,0,0,0,0,7,0,,,,,2,0,0,0,,0,0,0,0,0,0,0,0,0,0
02/03/2022,001737,STATEN ISLAND UNIVERSITY HOSPITAL - SOUTH,METROPOLITAN AREA REGIONAL OFFICE,RICHMOND,NORTHWELL HEALTH,NEW YORK CITY,34,3,0,2,6,4,1,437,108,,,,,126,94,24,14,3,0,0,0,0,3,2,15,8,6,0
02/03/2022,001738,RICHMOND UNIVERSITY MEDICAL CENTER,METROPOLITAN AREA REGIONAL OFFICE,RICHMOND,INDEPENDENT,NEW YORK CITY,48,11,1,1,10,8,0,1609,410,,,,,158,124,33,23,12,1,0,1,8,3,11,15,5,4,0
02/03/2022,001740,STATEN ISLAND UNIVERSITY HOSPITAL - NORTH,METROPOLITAN AREA REGIONAL OFFICE,RICHMOND,NORTHWELL HEALTH,NEW YORK CITY,120,8,0,20,38,11,0,4772,657,,,,,443,377,78,58,8,2,0,0,10,14,24,17,29,24,0
02/03/2022,003058,MONTEFIORE MED CTR - JACK D WEILER HOSP OF A EINSTEIN COLLEGE DIV,METROPOLITAN AREA REGIONAL OFFICE,BRONX,MONTEFIORE HEALTHCARE SYSTEM,NEW YORK CITY,41,5,1,7,8,6,1,3547,723,,,,,421,284,49,40,6,0,0,0,3,2,4,17,10,5,0
02/03/2022,003067,MILLARD FILLMORE SUBURBAN HOSPITAL,WESTERN REGIONAL OFFICE,ERIE,KALEIDA HEALTH,WESTERN NEW YORK,60,5,6,5,8,7,2,1920,463,,,,,300,233,22,19,11,0,0,0,4,2,11,17,16,10,0
02/03/2022,003975,NEW YORK PRESBYTERIAN HOSPITAL - ALLEN HOSPITAL,METROPOLITAN AREA REGIONAL OFFICE,NEW YORK,NEW YORK-PRESBYTERIAN HEALTHCARE SYSTEM,NEW YORK CITY,18,3,0,3,1,1,0,1954,347,,,,,148,124,14,11,3,0,0,1,3,5,2,3,3,1,0
02/03/2022,009691,SOUTH NASSAU COMMUNITIES HOSPITAL OFF-CAMPUS EMERGENCY DEPARTMENT,METROPOLITAN AREA REGIONAL OFFICE,NASSAU,MOUNT SINAI HEALTH SYSTEM,LONG ISLAND,0,0,0,0,0,0,0,0,0,,,,,0,0,0,0,,0,0,0,0,0,0,0,0,0,0
02/03/2022,009700,LENOX HEALTH GREENWICH VILLAGE,METROPOLITAN AREA REGIONAL OFFICE,NEW YORK,NORTHWELL HEALTH,NEW YORK CITY,0,0,0,0,0,0,0,0,0,,,,,0,0,0,0,,0,0,0,0,0,0,0,0,0,0
02/03/2022,009753,NYU LANGONE HEALTH-COBBLE HILL,METROPOLITAN AREA REGIONAL OFFICE,KINGS,NYU LANGONE HEALTH,NEW YORK CITY,0,0,0,0,0,0,0,0,0,,,,,0,0,0,0,,0,0,0,0,0,0,0,0,0,0
02/03/2022,010216,COBLESKILL REGIONAL HOSPITAL,CAPITAL DISTRICT REGIONAL OFFICE,SCHOHARIE,BASSETT HEALTHCARE NETWORK,MOHAWK VALLEY,5,2,0,1,0,0,0,132,10,,,,,18,17,0,0,2,0,0,0,0,0,1,0,3,1,0
02/03/2022,080001,JAVITS CENTER HOSPITAL,METROPOLITAN AREA REGIONAL OFFICE,NEW YORK,INDEPENDENT,NEW YORK CITY,,,,,,,,1095,0,,,,,,,,,,,,,,,,,,,0
02/03/2022,080003,MOUNT SINAI SAMARITANS PURSE,METROPOLITAN AREA REGIONAL OFFICE,NEW YORK,MOUNT SINAI HEALTH SYSTEM,NEW YORK CITY,,,,,,,,33,1,,,,,,,,,,,,,,,,,,,0
02/03/2022,080004,NYC H+H - BILLIE JEAN KING TENNIS CENTER,METROPOLITAN AREA REGIONAL OFFICE,QUEENS,NYC H+H,NEW YORK CITY,,,,,,,,0,0,,,,,,,,,,,,,,,,,,,0
02/03/2022,080005,NYC H+H ROOSEVELT ISLAND MEDICAL CENTER,METROPOLITAN AREA REGIONAL OFFICE,NEW YORK,NYC H+H,NEW YORK CITY,,,,,,,,0,0,,,,,,,,,,,,,,,,,,,0
02/03/2022,080006,MAIMONIDES CROWN HEIGHTS,METROPOLITAN AREA REGIONAL OFFICE,KINGS,INDEPENDENT,NEW YORK CITY,,,,,,,,46,0,,,,,,,,,,,,,,,,,,,0
02/03/2022,080007,NYP - RYAN LARKIN FIELD HOSPITAL,METROPOLITAN AREA REGIONAL OFFICE,NEW YORK,NEW YORK-PRESBYTERIAN HEALTHCARE SYSTEM,NEW YORK CITY,,,,,,,,71,0,,,,,,,,,,,,,,,,,,,0
